date,positive,negative,neutral
2015-09,23,6,18
2016-04,709,288,704
2016-08,1478,692,1750
2016-09,1881,926,2234
2016-10,3196,1594,3956
2016-11,3682,1798,4382
2016-12,4651,2602,5552
2017-01,5171,2836,6034
2017-02,5464,3032,6318
2017-03,6331,3374,7126
2017-04,7511,4045,8637
2017-05,8100,4311,9404
2017-06,9383,5071,11144
2017-07,10995,5808,13378
2017-08,12753,6573,15720
2017-09,14237,7466,17619
2017-10,14691,7660,18199
2017-11,19343,10034,23925
2017-12,21496,11110,26982
2018-01,23294,12167,29670
2018-02,24424,12665,31289
2018-03,26155,13681,33754
2018-04,26938,14019,34808
2018-05,29544,15805,37908
2018-06,30832,16784,39577
2018-07,32136,17622,41355
2018-08,33692,18488,42933
2018-09,35409,19417,44994
2018-10,37921,20756,48315
2018-11,39766,21529,50253
2018-12,43105,23614,54150
2019-01,45628,25058,57356
2019-02,47722,26386,60165
2019-03,51804,28515,65328
2019-04,55177,30313,69290
2019-05,59855,32801,74810
2019-06,62530,34003,77697
2019-07,64745,35046,80256
2019-08,67615,36487,83444
2019-09,71619,38544,88539
2019-10,75325,40742,92343
2019-11,84924,46005,103359
2019-12,87404,46996,105968
2020-01,90859,48813,109778
2020-02,93722,49946,112915
2020-03,96103,51003,115578
2020-04,98006,51820,117662
2020-05,103282,55699,123144
2020-06,105572,56737,125127
2020-07,108357,58040,128131
2020-08,111203,59183,130588
2020-09,114203,60485,133781
2020-10,117973,61818,137369
2020-11,120308,62658,139623
